PilotId,FullName,NextTrainingDate,Rank,AircraftId
1,Alexander Hall,01 09 2025,"""Captain""",NULL
2,Sophia Turner,03 10 2025,"""Chief Warrant Officer""",597
3,Jacob Johnson,13 12 2025,"""Sergeant""",NULL
4,Olivia Mitchell,18 12 2025,"""Warrant Officer""",NULL
5,Amelia Taylor,12 07 2025,"""General""",800
6,Mason Smith,13 08 2025,"""Second Lieutenant""",NULL
7,James Smith,21 06 2025,"""Second Lieutenant""",6
8,Mason Hall,11 10 2025,"""Airman""",NULL
9,Liam Davis,12 07 2025,"""Sergeant""",25
10,Noah Taylor,29 08 2025,"""Master Sergeant""",64
11,Olivia Mitchell,24 06 2025,"""Master Sergeant""",494
12,William Green,18 11 2025,"""Major""",NULL
13,Ava King,17 12 2025,"""Lieutenant General""",656
14,Ethan Mitchell,15 05 2025,"""Colonel""",348
15,James Johnson,09 05 2025,"""General""",323
16,Liam Allen,28 12 2025,"""Captain""",17
17,Daniel Young,15 08 2025,"""Staff Sergeant""",115
18,Ava Adams,26 11 2025,"""Chief Warrant Officer""",736
19,Harper Nelson,07 07 2025,"""Staff Sergeant""",NULL
20,Mason Scott,25 06 2025,"""First Lieutenant""",7
21,Harper Hall,27 06 2025,"""General""",678
22,Ava Hall,20 07 2025,"""Colonel""",NULL
23,Sophia Hall,25 10 2025,"""Sergeant""",399
24,Ethan Baker,21 05 2025,"""Lieutenant Colonel""",240
25,Sophia Wright,16 07 2025,"""General""",401
26,Lucas Adams,29 07 2025,"""Staff Sergeant""",NULL
27,Michael Nelson,10 12 2025,"""Airman First Class""",796
28,Amelia Clark,29 09 2025,"""Chief Warrant Officer""",26
29,Lucas Carter,22 09 2025,"""Major General""",45
30,Olivia Adams,02 09 2025,"""Airman""",463
31,James Brown,10 12 2025,"""Brigadier General""",27
32,Alexander Walker,14 12 2025,"""Major""",475
33,Lucas Green,12 07 2025,"""Commander""",490
34,Liam Turner,21 05 2025,"""Lieutenant""",24
35,Jacob Lewis,01 09 2025,"""Senior Airman""",638
36,Lucas Johnson,01 11 2025,"""Captain""",381
37,Emma Allen,11 12 2025,"""Airman""",795
38,Charlotte Adams,27 10 2025,"""Senior Airman""",263
39,Isabella Allen,19 08 2025,"""Airman First Class""",NULL
40,Isabella Baker,30 11 2025,"""General""",677
41,Isabella Wright,18 05 2025,"""Airman""",500
42,Olivia Allen,17 08 2025,"""Second Lieutenant""",NULL
43,Mia Lewis,07 06 2025,"""Senior Airman""",389
44,Amelia Clark,06 09 2025,"""Captain""",666
45,Ava Smith,22 12 2025,"""Lieutenant Colonel""",191
46,Zoe Nelson,16 12 2025,"""Major General""",NULL
47,Jacob Nelson,09 05 2025,"""General""",NULL
48,Charlotte Davis,14 11 2025,"""General""",28
49,Ethan Johnson,25 11 2025,"""Sergeant""",NULL
50,Alexander Nelson,20 06 2025,"""Senior Airman""",726
51,Liam King,17 06 2025,"""Major General""",10
52,Jacob Lewis,31 08 2025,NULL,86
53,Amelia Carter,16 07 2025,"""First Lieutenant""",NULL
54,Harper Davis,14 06 2025,"""Master Sergeant""",40
55,Lucas Turner,18 05 2025,"""Warrant Officer""",NULL
56,Daniel Scott,31 05 2025,"""Sergeant""",545
57,James Allen,02 09 2025,"""Staff Sergeant""",29
58,William Walker,17 11 2025,"""Airman""",242
59,Sophia Nelson,29 05 2025,"""Senior Airman""",117
60,Isabella Allen,20 12 2025,"""Senior Airman""",717
61,Harper Carter,24 07 2025,"""Captain""",458
62,Charlotte Brown,17 08 2025,"""Colonel""",567
63,Lucas Carter,12 08 2025,"""Lieutenant General""",NULL
64,Sophia Young,12 11 2025,"""Major""",NULL
65,Charlotte Wright,21 10 2025,"""Staff Sergeant""",30
66,Noah King,16 12 2025,"""Warrant Officer""",793
67,Daniel Davis,15 12 2025,"""Lieutenant General""",NULL
68,Isabella Young,27 08 2025,"""Senior Airman""",257
69,Daniel Davis,08 11 2025,NULL,444
70,Amelia Wilson,23 07 2025,"""First Lieutenant""",NULL
71,Isabella Turner,03 05 2025,"""Major""",NULL
72,Charlotte Wilson,02 10 2025,"""Airman""",31
73,William Turner,17 06 2025,"""General""",32
74,Olivia Walker,04 08 2025,"""Major General""",NULL
75,Charlotte Allen,27 07 2025,NULL,655
76,Sophia Smith,28 10 2025,"""Major""",NULL
77,Isabella Hall,25 12 2025,"""Sergeant""",596
78,Harper Hall,05 09 2025,"""Sergeant""",699
79,Amelia Baker,08 06 2025,"""General""",201
80,James Wilson,01 07 2025,"""Senior Airman""",627
81,Amelia Lewis,23 09 2025,"""Lieutenant Colonel""",33
82,Amelia Young,10 08 2025,"""Lieutenant Colonel""",NULL
83,Daniel Baker,23 09 2025,"""Major General""",NULL
84,Evelyn Davis,02 12 2025,"""Chief Warrant Officer""",161
85,Amelia Clark,17 08 2025,"""Warrant Officer""",34
86,Isabella Adams,20 09 2025,"""Airman""",35
87,Ethan Carter,31 07 2025,"""Senior Airman""",NULL
88,Ava King,28 06 2025,"""First Lieutenant""",371
89,Sophia Walker,30 07 2025,"""General""",NULL
90,Ethan King,01 05 2025,"""Staff Sergeant""",36
91,Sophia Adams,10 05 2025,NULL,NULL
92,Charlotte Wilson,27 11 2025,"""General""",327
93,Zoe Johnson,02 08 2025,"""Senior Airman""",NULL
94,Olivia Taylor,11 07 2025,"""Lieutenant General""",37
95,Michael Adams,22 08 2025,"""Major General""",225
96,Ethan Green,24 10 2025,"""Lieutenant""",21
97,Charlotte Lewis,17 08 2025,"""Staff Sergeant""",131
98,Mia Mitchell,05 12 2025,"""Warrant Officer""",NULL
99,James Taylor,19 10 2025,"""Master Sergeant""",422
100,Mason Turner,24 12 2025,"""Chief Warrant Officer""",NULL
101,Jacob Taylor,13 05 2025,"""Sergeant""",38
102,Charlotte Smith,10 06 2025,"""Warrant Officer""",591
103,Mason Young,02 05 2025,"""Brigadier General""",NULL
104,Noah Nelson,21 10 2025,"""Captain""",423
105,Harper Johnson,04 05 2025,"""Major""",296
106,Evelyn Hall,08 09 2025,"""First Lieutenant""",336
107,Noah Johnson,11 07 2025,NULL,NULL
108,Harper Baker,02 08 2025,"""Sergeant""",160
109,Lucas Scott,15 12 2025,"""Airman""",NULL
110,Emma Wright,09 07 2025,"""Brigadier General""",424
111,Ethan Wright,30 08 2025,"""Chief Warrant Officer""",256
112,Jacob Smith,23 05 2025,"""Sergeant""",273
113,Lucas Walker,02 09 2025,"""Chief Warrant Officer""",705
114,Alexander Scott,05 10 2025,"""Major""",NULL
115,Jacob Walker,24 07 2025,"""Lieutenant General""",NULL
116,Liam Davis,13 05 2025,"""Major General""",42
117,Daniel Wright,05 09 2025,"""Sergeant""",425
118,Liam Allen,09 07 2025,"""Major General""",63
119,Mason Young,01 08 2025,"""Warrant Officer""",343
120,Daniel Walker,04 10 2025,"""First Lieutenant""",351
121,Harper Smith,13 11 2025,"""Lieutenant Colonel""",128
122,Amelia Carter,08 12 2025,"""Chief Warrant Officer""",NULL
123,Daniel Nelson,15 05 2025,"""Senior Airman""",565
124,Ethan Smith,02 11 2025,"""Sergeant""",NULL
125,Sophia Clark,09 06 2025,"""Staff Sergeant""",426
126,Amelia Green,21 05 2025,"""Commander""",15
127,Daniel Turner,01 07 2025,"""General""",198
128,Isabella Allen,26 08 2025,"""Airman First Class""",418
129,Harper Scott,12 11 2025,"""Airman First Class""",778
130,Michael Adams,24 11 2025,"""Staff Sergeant""",NULL
131,Ethan Davis,21 11 2025,"""Sergeant""",NULL
132,Charlotte Clark,15 11 2025,"""Brigadier General""",427
133,Lucas Green,02 12 2025,"""Lieutenant""",NULL
134,Charlotte Brown,18 11 2025,"""First Lieutenant""",NULL
135,James Johnson,12 11 2025,"""Staff Sergeant""",428
136,Michael Turner,10 06 2025,"""Warrant Officer""",NULL
137,Evelyn Adams,21 12 2025,"""Second Lieutenant""",421
138,Noah Smith,24 07 2025,"""First Lieutenant""",159
139,Isabella Carter,18 08 2025,"""Lieutenant Colonel""",436
140,Mason Allen,15 06 2025,"""Staff Sergeant""",288
141,William Hall,31 08 2025,"""Commander""",429
142,Zoe Carter,11 10 2025,"""Warrant Officer""",777
143,Olivia King,23 12 2025,"""Captain""",NULL
144,Noah Wright,02 07 2025,"""Lieutenant Colonel""",430
145,Mia Green,11 09 2025,"""General""",547
146,Noah Scott,24 05 2025,"""Sergeant""",797
147,Olivia Clark,13 09 2025,"""Sergeant""",NULL
148,Evelyn Adams,04 09 2025,"""Colonel""",431
149,James Baker,11 08 2025,"""Commander""",530
150,Lucas Scott,02 11 2025,"""Lieutenant Colonel""",NULL
151,Jacob Taylor,21 10 2025,"""Major General""",791
152,Jacob Taylor,09 07 2025,"""Lieutenant General""",195
153,Ethan Taylor,31 07 2025,"""Lieutenant Colonel""",732
154,Amelia Wright,11 06 2025,"""Master Sergeant""",785
155,Harper Johnson,29 07 2025,NULL,668
156,Olivia Lewis,17 10 2025,"""Commander""",89
157,Harper Davis,05 11 2025,"""Lieutenant""",432
158,Mia Johnson,24 05 2025,"""Captain""",433
159,Isabella Smith,06 08 2025,NULL,434
160,Evelyn Hall,10 05 2025,"""Lieutenant""",NULL
161,Mason Adams,04 12 2025,"""Lieutenant Colonel""",227
162,Olivia King,06 11 2025,"""Master Sergeant""",NULL
163,Alexander Nelson,26 09 2025,"""Major""",512
164,Daniel Lewis,19 11 2025,"""Second Lieutenant""",88
165,Lucas Johnson,17 12 2025,"""Lieutenant General""",NULL
166,James Wilson,04 09 2025,"""Captain""",513
167,Evelyn Wright,21 06 2025,"""Lieutenant""",NULL
168,Ethan Baker,03 09 2025,"""Commander""",NULL
169,Ethan Scott,28 10 2025,"""Captain""",514
170,Michael Wilson,23 12 2025,"""General""",NULL
171,Emma Green,21 12 2025,"""General""",515
172,Sophia Brown,06 08 2025,"""Warrant Officer""",388
173,Ava Lewis,18 05 2025,"""Warrant Officer""",516
174,Zoe Lewis,10 09 2025,"""Brigadier General""",NULL
175,Liam Johnson,16 05 2025,NULL,517
176,Mason Scott,30 09 2025,"""Staff Sergeant""",NULL
177,Mason Mitchell,18 11 2025,"""Major General""",518
178,Emma Johnson,21 12 2025,"""Airman""",NULL
179,Sophia Turner,18 06 2025,"""Airman First Class""",459
180,Sophia Baker,02 05 2025,"""Lieutenant Colonel""",519
181,Ethan Baker,22 07 2025,"""First Lieutenant""",NULL
182,William Wilson,27 08 2025,"""Airman""",520
183,Mia Davis,19 06 2025,"""Brigadier General""",333
184,Noah Johnson,20 09 2025,"""Captain""",NULL
185,Sophia Wright,30 11 2025,"""General""",521
186,Daniel Nelson,13 12 2025,NULL,NULL
187,Charlotte Lewis,03 12 2025,"""Second Lieutenant""",522
188,Charlotte Johnson,26 08 2025,"""Brigadier General""",NULL
189,James Taylor,11 10 2025,"""Major""",523
190,Alexander Clark,05 09 2025,"""Airman First Class""",NULL
191,Mia Carter,31 08 2025,"""Lieutenant General""",524
192,Lucas Hall,27 11 2025,"""Major""",NULL
193,William Nelson,14 08 2025,"""Colonel""",NULL
194,Charlotte Johnson,09 08 2025,"""Lieutenant General""",525
195,Liam Johnson,31 05 2025,"""Major""",NULL
196,Mason Smith,01 08 2025,"""Lieutenant""",526
197,Olivia Hall,07 12 2025,"""First Lieutenant""",NULL
198,Mason Wilson,10 07 2025,"""Lieutenant Colonel""",125
199,Mia Wilson,11 11 2025,"""First Lieutenant""",595
200,Harper Smith,23 10 2025,"""Major General""",NULL
201,Liam Mitchell,01 10 2025,"""Airman""",759
202,Lucas Wilson,23 05 2025,"""Warrant Officer""",16
203,Zoe Smith,08 09 2025,"""First Lieutenant""",329
204,Michael Taylor,01 05 2025,"""Warrant Officer""",NULL
205,Evelyn Baker,04 07 2025,"""General""",NULL
206,Alexander Scott,08 07 2025,"""Second Lieutenant""",706
207,Noah Scott,29 12 2025,"""Major General""",NULL
208,Zoe Mitchell,20 08 2025,"""Colonel""",767
209,Amelia Lewis,25 12 2025,"""Major""",737
210,Olivia Clark,26 06 2025,"""Staff Sergeant""",NULL
211,Ethan Green,29 12 2025,"""Colonel""",392
212,Alexander Johnson,12 11 2025,"""First Lieutenant""",NULL
213,Olivia Davis,18 07 2025,"""Sergeant""",776
214,Zoe Wright,06 11 2025,"""Staff Sergeant""",352
215,Noah Walker,07 09 2025,"""Staff Sergeant""",139
216,Harper Taylor,16 05 2025,"""Major""",155
217,Charlotte Davis,15 10 2025,"""Lieutenant""",738
218,Olivia Mitchell,18 12 2025,"""Lieutenant Colonel""",748
219,Jacob Turner,10 08 2025,"""Sergeant""",739
220,Harper Hall,09 09 2025,"""Captain""",NULL
221,Sophia Wright,03 11 2025,"""Airman First Class""",740
222,Ava Walker,16 10 2025,"""Chief Warrant Officer""",NULL
223,Alexander Walker,12 08 2025,"""Warrant Officer""",483
224,Olivia Turner,07 12 2025,"""Major General""",NULL
225,Liam Walker,19 08 2025,"""Brigadier General""",741
226,Mason Green,23 06 2025,"""Captain""",476
227,Sophia Wilson,26 12 2025,"""Lieutenant Colonel""",216
228,Amelia Walker,10 09 2025,"""General""",734
229,Michael Walker,11 12 2025,"""Airman First Class""",NULL
230,Liam Wilson,07 06 2025,"""Warrant Officer""",742
231,Lucas Nelson,22 06 2025,"""General""",612
232,Emma King,30 07 2025,"""Second Lieutenant""",686
233,Sophia Davis,04 08 2025,"""Brigadier General""",NULL
234,Mason Smith,11 09 2025,"""Staff Sergeant""",743
235,Evelyn Davis,17 12 2025,"""Lieutenant""",NULL
236,James Baker,04 12 2025,"""Airman""",716
237,Daniel Scott,21 12 2025,"""Sergeant""",744
238,Harper Taylor,16 09 2025,"""Lieutenant General""",346
239,Daniel Young,20 06 2025,"""Lieutenant Colonel""",2
240,Mia Scott,23 07 2025,"""Major General""",272
241,Lucas Taylor,14 09 2025,"""Lieutenant General""",NULL
242,Michael Wright,25 11 2025,"""Commander""",745
243,Evelyn Lewis,22 09 2025,"""Colonel""",NULL
244,James Wright,28 07 2025,"""Second Lieutenant""",632
245,Lucas Baker,02 06 2025,"""Brigadier General""",65
246,Sophia Young,28 12 2025,"""Lieutenant General""",746
247,Noah Allen,04 08 2025,"""Brigadier General""",764
248,Sophia King,12 12 2025,"""Chief Warrant Officer""",70
249,Zoe Adams,11 05 2025,"""Airman""",300
250,Evelyn Brown,19 09 2025,NULL,747
251,Ethan Mitchell,06 09 2025,"""Lieutenant Colonel""",768
252,Ava Allen,14 12 2025,"""Airman First Class""",44
253,Emma Allen,13 10 2025,"""Chief Warrant Officer""",92
254,Alexander Carter,15 10 2025,"""Lieutenant Colonel""",587
255,Olivia Scott,01 07 2025,"""Airman First Class""",770
256,William Walker,04 08 2025,"""Lieutenant""",771
257,Harper Allen,08 12 2025,"""Second Lieutenant""",NULL
258,William Scott,19 07 2025,"""Lieutenant Colonel""",NULL
259,Michael Walker,06 07 2025,"""Master Sergeant""",772
260,James Turner,03 12 2025,"""Chief Warrant Officer""",773
261,Ethan Hall,10 06 2025,"""Second Lieutenant""",730
262,Isabella Walker,27 12 2025,"""Chief Warrant Officer""",572
263,Ethan Wright,12 11 2025,"""Brigadier General""",728
264,Michael Wright,14 10 2025,"""Sergeant""",411
265,Alexander Walker,05 12 2025,"""First Lieutenant""",NULL
266,Mia Clark,12 11 2025,"""Captain""",NULL
267,Ava King,04 07 2025,"""Brigadier General""",NULL
268,Alexander Adams,29 05 2025,"""Second Lieutenant""",774
269,Zoe Walker,14 06 2025,"""Second Lieutenant""",NULL
270,Liam Brown,15 11 2025,"""Chief Warrant Officer""",646
271,Amelia Wright,30 10 2025,"""Lieutenant General""",NULL
272,Amelia Wilson,24 05 2025,"""Colonel""",602
273,Isabella King,26 08 2025,"""General""",NULL
274,Emma Walker,07 06 2025,"""Major""",775
275,Michael Smith,20 12 2025,"""Lieutenant General""",NULL
276,Lucas Brown,23 12 2025,"""Lieutenant Colonel""",4
277,Alexander Wright,12 08 2025,"""General""",239
278,Noah Wilson,14 10 2025,"""Second Lieutenant""",NULL
279,Lucas Young,02 11 2025,"""Sergeant""",400
280,Mia Hall,24 07 2025,"""Major""",779
281,Emma Wilson,03 10 2025,"""Captain""",154
282,Emma Davis,02 05 2025,"""Commander""",NULL
283,Alexander Johnson,23 11 2025,"""Airman""",277
284,Emma Scott,19 08 2025,"""Airman""",5
285,William Clark,01 06 2025,"""Staff Sergeant""",691
286,Liam Carter,12 09 2025,"""Chief Warrant Officer""",NULL
287,Emma Brown,04 05 2025,"""Captain""",298
288,Lucas King,14 10 2025,"""Colonel""",735
289,James Green,13 07 2025,"""Major""",349
290,Isabella Taylor,14 12 2025,"""Senior Airman""",111
291,Mason Hall,04 12 2025,"""Airman""",325
292,Harper Green,14 05 2025,"""Warrant Officer""",780
293,Sophia Adams,21 06 2025,"""Lieutenant""",78
294,Zoe Smith,13 11 2025,"""Lieutenant General""",NULL
295,Alexander Clark,23 12 2025,"""General""",318
296,Zoe Nelson,08 12 2025,"""Major General""",NULL
297,Amelia Wright,17 07 2025,"""Second Lieutenant""",769
298,Ethan Brown,18 09 2025,"""Lieutenant""",781
299,Sophia Wright,06 11 2025,"""Airman First Class""",713
300,Ava Mitchell,14 11 2025,"""First Lieutenant""",784
301,Mason Wilson,30 07 2025,"""Lieutenant""",149
302,Noah Brown,06 08 2025,"""Airman First Class""",339
303,Michael Brown,01 06 2025,"""Senior Airman""",NULL
304,Amelia Allen,09 08 2025,"""Airman First Class""",144
305,Harper Davis,09 07 2025,"""Captain""",674
306,Noah Lewis,08 07 2025,"""Chief Warrant Officer""",NULL
307,Ava Green,18 07 2025,"""Lieutenant General""",307
308,Daniel Lewis,27 12 2025,"""Major General""",NULL
309,James Johnson,02 08 2025,"""Airman First Class""",99
310,Noah Mitchell,23 08 2025,"""Lieutenant""",698
311,William Adams,08 12 2025,"""First Lieutenant""",NULL
312,Lucas Wilson,23 06 2025,"""Master Sergeant""",789
313,Lucas Scott,10 08 2025,"""Lieutenant""",NULL
314,James Nelson,07 10 2025,"""Major""",NULL
315,William Young,11 07 2025,"""Second Lieutenant""",364
316,Daniel Lewis,30 09 2025,"""Colonel""",527
317,Amelia Lewis,17 07 2025,"""Warrant Officer""",365
318,Zoe Hall,16 06 2025,"""Commander""",NULL
319,Alexander Mitchell,18 07 2025,"""Staff Sergeant""",495
320,Olivia Nelson,26 11 2025,"""Lieutenant Colonel""",316
321,Charlotte Young,24 06 2025,"""Brigadier General""",143
322,Ethan Taylor,17 07 2025,"""Brigadier General""",NULL
323,Evelyn Carter,21 07 2025,"""Airman First Class""",NULL
324,Alexander Nelson,05 07 2025,"""Master Sergeant""",445
325,Emma Brown,17 11 2025,"""First Lieutenant""",367
326,Emma Davis,22 05 2025,"""Staff Sergeant""",369
327,Olivia Taylor,11 10 2025,"""Warrant Officer""",98
328,Jacob Wright,27 05 2025,"""Master Sergeant""",69
329,Michael Turner,05 11 2025,NULL,697
330,Ethan King,19 07 2025,"""Airman First Class""",368
331,Amelia Baker,18 07 2025,NULL,48
332,Amelia Turner,16 06 2025,"""Airman""",NULL
333,Alexander Adams,26 07 2025,"""Lieutenant General""",NULL
334,Ethan Scott,23 09 2025,"""Lieutenant General""",721
335,Isabella Scott,31 05 2025,"""Commander""",370
336,Ava Green,16 12 2025,"""Brigadier General""",548
337,Ava Wilson,05 06 2025,NULL,169
338,James Allen,27 05 2025,"""Senior Airman""",148
339,Harper Lewis,20 07 2025,"""Second Lieutenant""",570
340,James Green,17 10 2025,"""Airman""",NULL
341,Ava Walker,26 06 2025,"""Lieutenant""",385
342,Jacob Allen,15 05 2025,"""Brigadier General""",NULL
343,Zoe Young,03 10 2025,"""Commander""",268
344,Daniel Lewis,09 11 2025,"""Second Lieutenant""",534
345,Alexander Nelson,30 12 2025,"""Sergeant""",NULL
346,Sophia Smith,13 11 2025,"""Brigadier General""",297
347,William Adams,29 07 2025,"""Lieutenant Colonel""",643
348,Zoe Clark,08 09 2025,"""Brigadier General""",377
349,Charlotte Brown,28 06 2025,"""Airman First Class""",137
350,Ethan Davis,14 11 2025,NULL,NULL
351,Sophia Johnson,09 10 2025,"""Staff Sergeant""",147
352,Jacob Nelson,28 05 2025,"""Major""",NULL
353,Emma King,27 08 2025,"""Airman First Class""",NULL
354,Charlotte King,28 11 2025,"""Lieutenant General""",189
355,Ethan Allen,23 08 2025,"""Major General""",NULL
356,Alexander Walker,28 10 2025,"""Warrant Officer""",NULL
357,Isabella Lewis,06 10 2025,"""Senior Airman""",167
358,Jacob Wilson,22 09 2025,"""Lieutenant""",506
359,Alexander Wilson,16 11 2025,"""Lieutenant General""",NULL
360,Noah Turner,08 09 2025,"""Second Lieutenant""",NULL
361,Alexander Clark,26 07 2025,"""Staff Sergeant""",199
362,William Taylor,04 05 2025,"""Brigadier General""",76
363,Jacob Clark,25 06 2025,"""Chief Warrant Officer""",56
364,Harper Mitchell,23 10 2025,"""Second Lieutenant""",649
365,Noah Allen,05 11 2025,"""Airman""",152
366,Lucas Wilson,08 10 2025,"""Lieutenant Colonel""",NULL
367,James Green,18 05 2025,"""Major""",NULL
368,Michael Green,09 09 2025,"""Lieutenant""",157
369,Mia Nelson,13 07 2025,"""Sergeant""",NULL
370,Ethan Scott,13 05 2025,"""Airman First Class""",206
371,Mason Taylor,31 08 2025,"""General""",158
372,Sophia Scott,06 07 2025,"""Chief Warrant Officer""",NULL
373,Harper Mitchell,25 06 2025,"""Captain""",314
374,Olivia Davis,30 10 2025,"""Warrant Officer""",49
375,Lucas Adams,07 08 2025,"""Master Sergeant""",NULL
376,Liam Young,25 11 2025,"""Lieutenant Colonel""",590
377,Amelia Johnson,02 10 2025,"""First Lieutenant""",NULL
378,Mia Taylor,11 12 2025,"""Colonel""",NULL
379,Amelia Lewis,05 09 2025,"""Major""",67
380,Charlotte Young,12 07 2025,"""Brigadier General""",709
381,Emma Lewis,12 08 2025,"""Staff Sergeant""",NULL
382,James Carter,03 10 2025,"""Brigadier General""",NULL
383,Sophia Scott,22 11 2025,"""Major""",474
384,Jacob King,01 06 2025,"""Warrant Officer""",NULL
385,Amelia Mitchell,23 12 2025,"""Colonel""",NULL
386,Olivia Hall,26 07 2025,NULL,720
387,Liam Davis,28 09 2025,"""Staff Sergeant""",555
388,Alexander Davis,05 05 2025,"""Airman""",NULL
389,Evelyn Taylor,13 06 2025,"""Warrant Officer""",585
390,Liam Adams,11 10 2025,"""Second Lieutenant""",NULL
391,Ava Wilson,02 08 2025,"""Master Sergeant""",NULL
392,Olivia Turner,18 09 2025,"""General""",354
393,Olivia Brown,04 07 2025,"""Staff Sergeant""",222
394,Ethan Allen,25 09 2025,"""First Lieutenant""",725
395,Charlotte Brown,04 12 2025,"""Senior Airman""",NULL
396,Isabella Davis,15 10 2025,"""Major General""",12
397,Daniel Scott,22 08 2025,"""Airman""",395
398,William Davis,26 12 2025,"""Major""",NULL
399,Noah Hall,19 09 2025,"""Captain""",113
400,Harper Brown,24 05 2025,"""Chief Warrant Officer""",NULL
401,Evelyn King,19 07 2025,"""Chief Warrant Officer""",593
402,James Carter,10 11 2025,"""Warrant Officer""",NULL
403,Evelyn Baker,19 08 2025,NULL,151
404,Mason Davis,05 07 2025,"""Airman""",398
405,Jacob Nelson,20 07 2025,"""Master Sergeant""",403
406,Lucas Baker,21 09 2025,"""Colonel""",NULL
407,Ethan Nelson,31 07 2025,"""Airman First Class""",696
408,Charlotte Smith,24 11 2025,"""Lieutenant General""",NULL
409,Amelia Nelson,20 11 2025,"""Major""",100
410,Ava Turner,12 06 2025,"""Airman First Class""",165
411,Evelyn Turner,24 07 2025,"""General""",NULL
412,Harper Scott,24 05 2025,"""Lieutenant General""",NULL
413,Michael Wright,09 07 2025,"""Staff Sergeant""",NULL
414,Charlotte Adams,09 10 2025,"""Major""",NULL
415,Ethan Young,14 09 2025,"""Major General""",NULL
416,Liam Carter,23 09 2025,"""Master Sergeant""",511
417,Ethan Johnson,06 05 2025,"""Lieutenant""",NULL
418,William Baker,05 12 2025,NULL,462
419,Ava Young,26 06 2025,"""Major""",104
420,Mia Lewis,09 12 2025,"""Chief Warrant Officer""",NULL
421,Emma Nelson,27 08 2025,"""Second Lieutenant""",NULL
422,Mason Adams,27 06 2025,"""Master Sergeant""",236
423,Daniel Nelson,02 05 2025,"""Chief Warrant Officer""",77
424,James Wilson,04 07 2025,"""Airman First Class""",3
425,Jacob Hall,01 08 2025,"""Major""",NULL
426,Ava Clark,07 09 2025,"""Brigadier General""",NULL
427,James Walker,29 10 2025,"""Staff Sergeant""",599
428,Evelyn Allen,10 05 2025,NULL,19
429,Harper Scott,03 12 2025,"""Second Lieutenant""",NULL
430,Daniel King,14 08 2025,"""Master Sergeant""",374
431,Noah Johnson,21 05 2025,"""Staff Sergeant""",NULL
432,Mia Johnson,22 09 2025,"""Commander""",66
433,Sophia Turner,23 11 2025,"""Brigadier General""",NULL
434,Mia Davis,02 11 2025,"""General""",NULL
435,William Carter,15 05 2025,"""Captain""",NULL
436,Jacob Wilson,24 12 2025,"""Senior Airman""",133
437,William Mitchell,18 11 2025,"""Major""",639
438,Sophia Allen,26 05 2025,"""Commander""",NULL
439,Alexander Carter,01 11 2025,"""Senior Airman""",641
440,James Hall,28 07 2025,"""Master Sergeant""",NULL
441,Isabella Carter,05 10 2025,"""Captain""",NULL
442,James Allen,08 12 2025,"""First Lieutenant""",NULL
443,Daniel Baker,18 07 2025,"""Staff Sergeant""",114
444,Ava King,18 06 2025,"""Major General""",NULL
445,Charlotte King,19 08 2025,"""Chief Warrant Officer""",451
446,Jacob Johnson,30 08 2025,"""Brigadier General""",NULL
447,Noah Young,02 10 2025,"""Lieutenant""",756
448,Zoe Johnson,09 12 2025,"""Major General""",93
449,Ethan Turner,25 08 2025,"""Second Lieutenant""",435
450,Jacob Hall,21 08 2025,"""Senior Airman""",NULL
451,Amelia Smith,22 12 2025,"""Second Lieutenant""",NULL
452,James Lewis,01 07 2025,"""Commander""",39
453,Ava Green,10 08 2025,"""Warrant Officer""",NULL
454,James Lewis,18 09 2025,"""Colonel""",NULL
455,Liam Carter,04 08 2025,"""Lieutenant Colonel""",156
456,Sophia Walker,21 07 2025,"""Staff Sergeant""",183
457,Charlotte Carter,19 10 2025,"""Senior Airman""",285
458,Mia Davis,17 07 2025,"""Senior Airman""",NULL
459,Lucas Johnson,24 07 2025,"""Captain""",NULL
460,Alexander King,08 09 2025,"""Brigadier General""",NULL
461,Ava Green,12 08 2025,"""General""",NULL
462,Charlotte Young,07 08 2025,"""Sergeant""",NULL
463,Liam Walker,06 08 2025,"""General""",181
464,Harper Clark,21 05 2025,NULL,700
465,Mia Lewis,05 05 2025,"""Warrant Officer""",711
466,Mason Turner,21 05 2025,"""Chief Warrant Officer""",NULL
467,Harper Wright,07 05 2025,"""Warrant Officer""",NULL
468,Charlotte Davis,25 09 2025,"""Warrant Officer""",54
469,Evelyn Green,22 05 2025,"""Captain""",676
470,Isabella Wright,08 05 2025,"""Brigadier General""",NULL
471,William Adams,03 11 2025,"""Senior Airman""",326
472,William Johnson,18 07 2025,"""Sergeant""",645
473,Liam Green,26 05 2025,"""Second Lieutenant""",355
474,Liam Carter,30 09 2025,"""Sergeant""",443
475,Daniel Green,13 05 2025,"""Staff Sergeant""",615
476,Alexander King,24 06 2025,"""Major""",NULL
477,Jacob Davis,23 12 2025,"""Colonel""",NULL
478,Charlotte Nelson,12 06 2025,"""Major""",107
479,Isabella Wilson,11 12 2025,"""Commander""",NULL
480,Sophia Davis,26 11 2025,"""General""",135
481,Evelyn Wilson,17 12 2025,"""Master Sergeant""",NULL
482,Olivia Walker,25 07 2025,"""Brigadier General""",680
483,Ava Green,15 09 2025,"""Airman First Class""",NULL
484,Emma Clark,29 05 2025,"""Brigadier General""",760
485,Harper Taylor,14 08 2025,"""Master Sergeant""",NULL
486,Michael Green,29 09 2025,"""Second Lieutenant""",NULL
487,William Clark,11 05 2025,"""Lieutenant Colonel""",175
488,Ava Carter,31 08 2025,"""Lieutenant Colonel""",471
489,Liam Adams,22 06 2025,"""Airman First Class""",NULL
490,James Davis,06 07 2025,"""Senior Airman""",561
491,Liam Smith,26 11 2025,"""Master Sergeant""",NULL
492,Alexander Nelson,25 11 2025,"""Lieutenant Colonel""",540
493,Olivia Smith,25 09 2025,"""Second Lieutenant""",NULL
494,Liam Baker,22 05 2025,"""General""",NULL
495,Mia Wilson,13 07 2025,"""Sergeant""",NULL
496,Ava Turner,31 08 2025,"""Airman""",NULL
497,Isabella Clark,04 05 2025,"""Colonel""",635
498,Olivia Davis,18 12 2025,"""Airman""",340
499,Ethan Walker,21 11 2025,"""Chief Warrant Officer""",675
500,Emma Taylor,13 10 2025,"""Chief Warrant Officer""",782
